pclass,survival_rate
1,61.91950464396285
2,42.96028880866426
3,25.52891396332863
